<?xml version="1.0" encoding="utf-8"?>
<database>
	<version>2.1.0</version>
    <name>Paypal Pro</name>
	<uri>http://www.apprain.com</uri>
	<description>
	<![CDATA[
			Paypal Pro for Credit Card Payment<br /><br />
			After installation the payment setting automatically available in appStore Payment Method Configuration area. Activate the payment mehod to display in checkout page.
		]]>
	</description>
	<author>Reazaul Karim</author>
	<author_uri>http://www.apprain.com</author_uri>
	<namespace>auto</namespace>
	<help>
		<![CDATA[
			An appRain application.
		]]>
	</help>
	<checkfiles>
		<filepath>register.php</filepath>
	</checkfiles>
</database>